REP_MPP_ETL,MPP_GBASE_LOAD_AWT,wkf_Load_AWT_awt_dm_pd_tag_mbl_g004_m
REP_MPP_ETL,MPP_GBASE_LOAD_AWT,wkf_Load_AWT_awt_wb_pd_tag_mbl_g001_m_bak
REP_MPP_ETL,MPP_GBASE_LOAD_AWT,wkf_Load_AWT_awt_prd_pd_inst_tele_m_upd
REP_MPP_ETL,MPP_GBASE_LOAD_AWT,wkf_Load_AWT_awt_prd_pd_inst_mbl_m_upd
REP_MPP_ETL,MPP_GBASE_LOAD_AWT,wkf_Load_AWT_awt_fin_pd_income_mbl_m
REP_MPP_ETL,MPP_GBASE_LOAD_AWT,wkf_Load_AWT_awt_prd_pd_inst_wb
REP_MPP_ETL,MPP_GBASE_LOAD_AWT,wkf_Load_MID_mid_prd_po_inst_4g_dvlp_m
REP_MPP_ETL,MPP_GBASE_LOAD_AWT,wkf_AWT_Del_Sgl_Task_m
REP_MPP_ETL,MPP_GBASE_LOAD_AWT,wkf_AWT_Del_Sgl_Task_d
REP_MPP_ETL,MPP_GBASE_LOAD_AWT,wkf_Load_AWT_awt_prd_pd_inst_mbl_4g_dvlp_m
REP_MPP_ETL,MPP_GBASE_LOAD_AWT,wkf_Load_AWT_awt_prd_pd_inst_mbl_m
REP_MPP_ETL,MPP_GBASE_LOAD_AWT,wkf_Load_AWT_awt_prd_pd_tag_mbl_m
REP_MPP_ETL,MPP_GBASE_LOAD_AWT,wkf_Load_AWT_awt_evt_pd_active_mbl_m
REP_MPP_ETL,MPP_GBASE_LOAD_AWT,wkf_Load_AWT_awt_evt_pd_active_wb_m
REP_MPP_ETL,MPP_GBASE_LOAD_AWT,wkf_Load_AWT_awt_fin_pd_income_wb_m
REP_MPP_ETL,MPP_GBASE_LOAD_AWT,wkf_Load_AWT_awt_wb_pd_tag_mbl_g001_1_m
REP_MPP_ETL,MPP_GBASE_LOAD_AWT,wkf_Load_AWT_awt_prd_pd_inst_tele_m
REP_MPP_ETL,MPP_GBASE_LOAD_AWT,wkf_Load_AWT_awt_prd_pd_tag_wb_m
REP_MPP_ETL,MPP_GBASE_LOAD_AWT,wkf_Load_AWT_awt_dm_pd_tag_tele_g001_m
REP_MPP_ETL,MPP_GBASE_LOAD_AWT,wkf_Load_AWT_awt_prd_pd_inst_tele
REP_MPP_ETL,MPP_GBASE_LOAD_AWT,wkf_Load_AWT_awt_wb_pd_tag_mbl_g002_m
REP_MPP_ETL,MPP_GBASE_LOAD_AWT,wkf_Load_AWT_awt_dm_pd_tag_mbl_g003_d
REP_MPP_ETL,MPP_GBASE_LOAD_AWT,wkf_Load_AWT_awt_dm_pd_tag_mbl_g001_m
REP_MPP_ETL,MPP_GBASE_LOAD_AWT,wkf_Load_AWT_awt_wb_pd_tag_mbl_g001_m
REP_MPP_ETL,MPP_GBASE_LOAD_AWT,wkf_Load_AWT_awt_prd_pd_inst_mbl
REP_MPP_ETL,MPP_GBASE_LOAD_AWT,wkf_Load_AWT_awt_dm_pd_tag_mbl_g002_m
